com.google.android.gm;1
com.google.android.apps.maps;2
cmu.troy.androidlogger;3
com.tencent.mm;4
com.lge.clock;5
com.adobe.reader;6
com.android.chrome;7
com.android.vending;8
com.android.mms;9
com.android.contacts;10
outgoing_call;11
com.android.incallui;12
com.lge.qmemoplus;13
com.android.phone;14
com.lge.ime;15
incoming.call;16
call_begin;17
com.lge.camera;18
com.android.gallery3d;19
com.android.providers.downloads.ui;20
com.android.calendar;21
com.android.settings;22
com.alexisblaze.japanese_grammar;23
com.lge.lgdmsclient;24
com.lge.shutdownmonitor;25
com.facebook.katana;26
com.spotify.music;27
com.sec.android.app.camera;28
com.sec.android.app.clockpackage;29
com.codium.hydrocoach;30
com.pnc.ecommerce.mobile.vw.android;31
com.facebook.orca;32
com.snapchat.android;33
com.socialnmobile.dictapps.notepad.color.note;34
com.sec.android.gallery3d;35
com.sec.android.app.popupcalculator;36
com.amazon.mShop.android;37
com.grubhub.android;38
com.softek.ofxclmobile.nasa;39
com.vcast.mediamanager;40
com.google.android.youtube;41
com.overdrive.mobile.android.mediaconsole;42
com.aws.android;43
com.Splitwise.SplitwiseMobile;44
com.imgur.mobile;45
com.sec.android.app.videoplayer;46
com.venmo;47
com.skype.raider;48
com.google.android.apps.docs;49
com.android.email;50
com.tumblr;51
com.cleanmaster.mguard;52
com.gameloft.android.ANMP.GloftSIHM;53
com.android.browser;54
com.groupme.android;55
com.google.android.music;56
com.vlingo.midas;57
com.fivehundredpx.viewer;58
com.fitbit.FitbitMobile;59
com.yik.yak;60
com.lampe.torcher.flashlight;61
com.yodo1.crossyroad;62
com.wolfram.android.alpha;63
com.shazam.android;64
com.clearchannel.iheartradio.controller;65
com.yuechuan.freedots;66
com.google.android.gms;67
com.gn.android.compass;68
com.raon.aremotefreegalaxy;69
com.infraware.polarisviewer4;70
uk.co.aifactory.chessfree;71
com.android.packageinstaller;72
com.katecca.screenofflock;73
com.airbnb.android;74
com.weather.Weather;75
com.kiragames.unblockmefree;76
com.instagram.android;77
com.gamevilusa.dungeonlink.android.google.global.normal;78
com.ea.game.tetris2011_na;79
com.sec.android.app.cmas;80
com.sm.smove;81
com.digikey.mobile;82
com.sec.android.app.myfiles;83
com.sec.android.app.controlpanel;84
com.ebay.mobile;85
air.com.monsterandmonster.winterwalk;86
com.borisk.tinysurvivor;87
com.lge.email;88
com.lge.sizechangable.weather;89
com.Vertifi.Mobile.P231381116;90
com.tmobile.pr.mytmobile;91
com.tmobile.vvm.application;92
com.lge.QuickClip;93
com.lge.app.richnote;94
com.yahoo.mobile.client.android.mail;95
com.android.calculator2;96
com.google.android.apps.plus;97
com.buytopia.snap;98
com.pinterest;99
com.lge.voicerecorder;100
com.lge.settings.easy;101
com.surpax.ledflashlight.panel;102
com.belcaro.shopathome.shopathome;103
com.meetup;104
com.lge.updatecenter;105
com.hulu.plus;106
com.lge.bnr;107
com.google.android.feedback;108
com.pof.android;109
com.android.LGSetupWizardApp;110
com.groupon;111
com.google.earth;112
com.jb.gosms;113
com.jbapps.contactpro;114
net.slickdeals.android;115
flipboard.app;116
com.levelup.beautifulwidgets;117
com.samsung.android.app.headlines;118
com.coremobility.app.vnotes;119
com.ubercab;120
com.iobit.mobilecare;121
com.discoverfinancial.mobile;122
com.samsung.sdm;123
com.evernote;124
com.entertainment.coupons;125
com.stitcher.app;126
com.pandora.android;127
steelersradio.activities;128
com.yinzcam.nfl.steelers;129
com.google.android.talk;130
com.lge.music;131
com.lge.smarttext;132
com.android.nfc;133
com.lge.doyouknow;134
com.box.android;135
com.lge.qvoiceplus;136
com.latedroid.juicedefender;137
com.aol.mobile.aim;138
com.lge.voicecommand;139
com.lge.lifetracker;140
com.etermax.preguntados.lite;141
com.appgeneration.itunerfree;142
com.mobolize.cachefront.preload;143
com.kakao.talk;144
com.accuweather.android;145
com.estoty.game2048;146
com.infraware.polarisoffice;147
com.vzw.hss.myverizon;148
com.dnt7.threeW;149
me.lyft.android;150
com.ticketmaster.mobile.android.na;151
com.fti.ridegenie.passenger;152
com.imdb.mobile;153
com.kakao.talk.theme.hellobear;154
jp.co.johospace.jorte;155
com.lge.filemanager;156
com.playstudios.myvegas;157
com.slidejoy;158
com.getmobee;159
com.pandaresearch;160
com.linecorp.b612.android;161
com.weplaydots.twodotsandroid;162
com.playstudios.myvegas.blackjack;163
wsj.reader_sp;164
com.sonyericsson.home;165
com.whatsapp;166
com.sonyericsson.conversations;167
com.viber.voip;168
com.sonyericsson.organizer;169
com.yahoo.mobile.client.android.weather;170
com.sonyericsson.android.socialphonebook;171
com.sonyericsson.android.camera;172
com.thetransitapp.droid;173
com.sec.android.app.music;174
com.bbm;175
com.espn.score_center;176
logo.quiz.icomania.guess.the.brand.a4pics1song;177
com.sega.sonicjumpfever;178
com.igg.castleclash;179
com.tinyrebel.doctorwholegacy;180
com.rovio.angrybirdsstarwarsii.ads;181
com.wb.goog.injustice;182
com.embeepay.mpm;183
com.android.task;184
com.rovio.gold;185
com.google.android.gsf;186
com.rovio.angrybirdsstella;187
bbc.mobile.news.ww;188
com.google.android.apps.googlevoice;189
com.mapquest.android.ace;190
com.yahoo.mobile.client.android.yahoo;191
com.infraware.polarisoffice4;192
com.estrongs.android.pop;193
com.hungama.myplay.activity;194
com.saavn.android;195
com.eclipsim.gpsstatus2;196
com.handmark.tweetcaster;197
com.osp.app.signin;198
gbis.gbandroid;199
com.yahoo.mobile.client.android.atom;200
com.sec.android.widgetapp.ap.hero.accuweather;201
com.sec.android.app.voicenote;202
com.sec.tetheringprovision;203
com.citibikenyc.citibike;204
incoming;205
call;206
com.TDF.AndroidTdf;207
com.zynga.wwf2.free;208
com.twitter.android;209
com.android.deskclock;210
com.android.dialer;211
com.jrdcom.ui.notes;212
com.jrdcom.weather;213
com.yahoo.mobile.client.android.im;214
com.audible.application;215
com.poshmark.app;216
com.duolingo;217
com.lookout;218
com.android.documentsui;219
com.mediatek.filemanager;220
com.mediatek.todos;221
com.outfit7.talkingtom;222
info.androidz.horoscope;223
edu.cmu.dv1.androidprod;224
com.alexvas.dvr.pro;225
com.amazon.mp3;226
com.snrblabs.grooveip;227
com.handyapps.tipnsplit;228
org.wikipedia;229
com.netflix.mediaclient;230
com.levelup.touiteur;231
com.birdstep.android.cm;232
com.ridecharge.android.taximagic;233
com.aviary.android.feather;234
com.google.android.calendar;235
com.joingo.rvrs;236
com.antivirus;237
edu.apollogrp.android.classroom.activity;238
com.pointspanel.android;239
com.appredeem.apptrailers;240
com.picsel.tgv.app.smartoffice;241
com.infoscout.receipthog;242
com.mizmowireless.vvm;243
com.here.app.maps;244
mobi.infolife.eraser;245
com.trendmicro.tmmspersonal;246
com.sec.android.app.taskmanager;247
com.taxslayer.taxapp;248
com.mizmowireless.acctmgt;249
com.wefi.wefi;250
com.ijinshan.kwifi;251
com.bloomberg.bbwa;252
imoblife.startupmanager;253
com.cmgdigital.android.wpxiweather;254
com.google.android.GoogleCamera;255
com.apalon.myclock;256
com.sec.android.easysettings;257
com.appnana.android.giftcardrewards;258
com.functionx.viggle;259
com.imangi.templerun2;260
com.samsung.everglades.video;261
com.forensicsnotificationapp;262
com.waze;263
com.sec.android.app.popupuireceiver;264
com.bitstrips.bitstrips;265
jp.gocro.smartnews.android;266
com.sec.android.widget.samsungapps;267
com.uc.browser.en;268
com.matrix.emergency.lite;269
kr.core.technology.wifi.hotspot;270
com.pdanet;271
com.mobisystems.office;272
com.skcc.corfire.dd;273
com.amazon.kindlefs;274
com.infraware.polarisoffice5;275
com.devuni.flashlight;276
com.smartphonemate.smglobal;277
com.ad.android.ridesystems.ridetraq;278
com.google.android.deskclock;279
com.motorola.MotGallery2;280
com.motorola.camera;281
com.quizup.core;282
com.redbox.android.activity;283
com.pnc.ecommerce.mobile;284
net.zedge.android;285
com.trulia.android;286
iddqd.gatm;287
com.sirma.mobile.bible.android;288
com.episode6.android.nycsubwaymap;289
com.feelingtouch.gnz.realistic;290
com.buspgh.apps.app01;291
com.jawbone.up;292
com.flyfrontier.f9onlinebooking;293
net.gaggle.mobile.android;294
com.todaytix.TodayTix;295
com.southwestairlines.mobile;296
com.mfn.homepage;297
com.acorns.android;298
org.mrchops.android.digihud;299
com.blockcallsgetcash;300
com.motorola.contextual.smartrules2;301
com.amtrak.rider;302
com.dollarbank.onlinebanking;303
com.android.cellbroadcastreceiver;304
com.roidapp.photogrid;305
jp.kyocera.kc_soundrecorder;306
jp.kyocera.camera;307
com.google.android.apps.docs.editors.docs;308
com.kyocera.section7.mobilelight;309
com.pinsightmedia.vpl.Amazon;310
com.google.android.apps.books;311
com.kyocera.MipErrorDialog;312
com.jrtstudio.music;313
org.adblockplus.android;314
com.kyocera.ecomode;315
com.google.android.play.games;316
com.tmsoft.whitenoise.lite;317
com.pacoapp.paco;318
com.nextradioapp.nextradio;319
com.sprint.zone;320
com.trustgo.addetector;321
com.timehop;322
com.android.htccontacts;323
com.htc.calendar;324
com.htc.android.mail;325
com.htc.album;326
com.ebates;327
com.android.camera;328
com.smithmicro.mnd;329
com.htc.android.worldclock;330
com.htc.wifidisplay;331
mobi.infolife.taskmanager;332
com.policydm;333
com.rechild.advancedtaskkiller;334
com.myfitnesspal.android;335
com.amazon.kindle;336
com.samsung.android.sconnect;337
com.shopkick.app;338
com.ihunda.android.hiit;339
com.zombodroid.MemeGenerator;340
com.itgc.dreammoods.ui;341
com.nowaitapp.consumer;342
com.bodybuilding.mobile;343
com.sec.android.mimage.photoretouching;344
com.textra;345
com.motorola.email;346
com.peoples.eaccount;347
com.nhl.gc1112.free;348
com.mobilityware.solitaire;349
com.dictionary;350
com.tvguidemobile;351
com.infonow.bofa;352
com.nerdyoctopus.gamedots;353
com.google.android.keep;354
com.bigduckgames.flow;355
com.melimots.WordSearch;356
com.motorola.vzw.vvm;357
com.bredir.boopsie.clp;358
com.motorola.audioeffects;359
com.motorola.moto;360
com.largeanimal.colorzen;361
com.tmsoft.compulsive;362
com.cardeeo.ltpenguins;363
com.joko.paperlandpro;364
com.motorola.ccc.ota;365
com.quickoffice.android;366
com.google.android.apps.docs.editors.sheets;367
jp.co.hit_point.nekoatsume;368
com.google.android.apps.translate;369
